variable,count,mean,std,min,p05,median,p95,max,missing_share
SENT_ORTH_DIV_PREMIUM,289,-0.013772551595457394,0.557982996604129,-1.3326989856510845,-0.8395622885771638,-0.042867083820447405,0.853664374019438,2.361472164997967,0.033444816053511704
SENT_ORTH_SIBLEY_DIV_PREMIUM,289,-0.006135947966452498,0.5300533318202095,-1.2875775198881765,-0.7186074379447183,-0.029124185830894628,0.7444474768261474,4.848104191317905,0.033444816053511704
SENT_ORTH_DIV_PREMIUM_lag,288,-0.014821603216902901,0.5586686808845758,-1.3326989856510845,-0.8397755329838561,-0.04429164036854433,0.8548709639697173,2.361472164997967,0.03678929765886288
SENT_ORTH_SIBLEY_DIV_PREMIUM_lag,288,-0.009043550914998748,0.5286621921095322,-1.2875775198881765,-0.7189599712902779,-0.031177085482277545,0.6950871758443062,4.848104191317905,0.03678929765886288
SIBLEY_minus_ORTH_DIV_PREMIUM,289,0.007636603629004896,0.5626431249950476,-1.4524581416545694,-0.8065520620595406,-0.0643733156257705,0.9703810543515227,2.486632026319938,0.033444816053511704
